query_id,d2.5GB_tf0.25GB,d2.5GB_tf0.5GB,d5GB_tf0.5GB,d2.5GB_tf0.75GB,d7.5GB_tf0.75GB,d2.5GB_tf1GB,d5GB_tf1GB,d10GB_tf1GB,d2.5GB_tf1.25GB,d12.5GB_tf1.25GB,d5GB_tf1.5GB,d7.5GB_tf1.5GB,d5GB_tf2GB,d10GB_tf2GB,d7.5GB_tf2.25GB,d5GB_tf2.5GB,d12.5GB_tf2.5GB,d7.5GB_tf3GB,d10GB_tf3GB,d7.5GB_tf3.75GB,d12.5GB_tf3.75GB,d10GB_tf4GB,d10GB_tf5GB,d12.5GB_tf5GB,d12.5GB_tf6.25GB,baseline,ideal
1,18588328900.2,18150272265.100002,17824123607.9,18231745128.8,17829525887.199997,18287782906.2,17949516636.8,17925103869.8,18303529706.100002,17554508782.3,18046156981.7,17859269130.5,18025602438.5,18209141374.7,17860556703.7,18177158469.6,17645601937.2,17939734442.2,17912780348.0,17972284601.7,17600693149.5,17890346576.9,17945548562.6,17935513222.0,17918378638.399998,17741697275.9,18434578908.3
2,179411028.9,200118076.2,202003355.2,210767066.4,202988230.2,209258304.0,211082815.6,210871179.0,204786922.2,208918909.4,206186332.4,206678280.8,204896479.4,210224959.2,209570472.0,210184447.2,203852007.2,209409684.4,209629786.2,207928521.8,211559400.2,206483162.6,208288238.8,200139572.2,207459712.0,103231348.0,84435556.7
3,2063965090.8,2081826556.2,1970931446.4,2008749747.7,1952946207.3,2181628574.7,2098511491.9,2080855327.5,2082782434.4,1938063899.0,1922642444.8000002,1889256360.0,2197241994.2000003,2135603685.2,1968266701.3000002,1995238188.0,1927181087.0,1858261181.6,1842292761.3999999,1872675567.8,1866624355.8,1854433610.6000001,1931116081.6,1928784494.6,1918219872.2,2058126983.3,1904560561.9
4,1950606899.3,1602182232.6,1521569349.1999998,1635079229.6,1528652813.0,1572829090.3,1484475640.3,1480950915.1,1584590740.3999999,1498979218.0,1482795389.0,1489611770.8,1506945038.2,1495037709.6,1534415057.0,1619053447.0,1532656669.8,1534746695.0,1536453231.8,1517319708.5,1524873924.7,1527116394.3,1518103449.7,1520641438.3,1519878962.1,1821662895.4,1408973466.6
5,2568315825.2999997,2564581402.1000004,2530041837.7000003,2582428365.8999996,2584028502.8999996,2358321492.6,2403944533.7999997,2380457245.6,2466974696.9,2424926584.1000004,2397762758.1,2444156084.7,2444433716.7,2451973167.2999997,2421397869.1,2287424159.4,2284236668.8,2274225438.7,2275206229.5,,,2183494122.6,2176090110.2,2170846246.0,2257068071.2000003,2566510007.7,2079338365.6
6,264389776.8,275806256.2,274195201.40000004,285851954.2,287413505.4,317581230.9,318376966.7,316054156.09999996,317602482.09999996,318834767.3,328617281.5,327941826.7,339833517.1,337856785.5,339290890.9,336647749.29999995,339598456.29999995,339620252.9,339533708.1,420418045.9,421525880.3,421268961.7,423288503.3,422229873.1,421850344.7,263295563.5,238210821.2
7,1343085834.6,1273436230.8999999,1251817950.8999999,1355404356.9,1190256448.1000001,1426561105.3000002,1311039946.9,1363615211.7,1398085766.7,1293034559.1000001,1291120070.0,1303275045.8,1255954225.0,1236334817.0,1241910424.6000001,1361375365.8,1293489459.6000001,1258345429.3,1327161157.1000001,1207460160.3999999,1177411543.2,1274620378.3999999,1231801723.8,1194474677.0,1328811889.2,1336156277.3,1097731656.1
8,861762296.9000001,855195400.3,825951737.3,872653055.8000001,824479180.0,822510972.0,831074886.8,811880707.2,839589550.2,823160786.4,819870933.4,833579258.2,829085793.5,827759945.9,816092603.6999999,865949332.0,841300896.2,829573534.2,821486914.8,831245596.4,795358372.6,803406726.4000001,816560249.8,811431726.5999999,868823451.6,808477362.1,576968965.3
9,10292669948.6,10156747790.4,9851495509.0,9880689799.7,9492652140.7,9690640662.5,9534600734.5,10297341499.1,9307212299.6,9276543476.6,8987494621.4,8957407712.800001,9179104324.0,9187292889.6,9197382138.0,8499909455.3,8890992022.9,8529492586.599999,8173600279.2,8427588621.599999,8112159507.2,8566241300.400001,7249150513.400001,7616264492.400001,7270682006.2,10080014083.9,7362121764.4
10,2074925214.3000002,1931543295.7,1868289987.5,1960682303.3999999,1907422259.0,1993974858.2,1888320050.2,2061807376.2,1999277386.3,1849709724.1000001,1859285220.2,1877939763.6,1829483748.6,1847029714.6,1832908479.0,1857411605.5,1852684207.6999998,1872890183.6999998,1853339596.1,1880433477.8,1889488614.8,1909295728.5,1897657913.3000002,1899595766.1000001,1904605090.3000002,2069627598.1,2005388328.8
11,178884884.20000002,182440080.4,181985146.4,187647289.8,189206826.8,187760919.0,189652819.2,184340310.4,186526977.4,179496140.2,187714899.4,187873584.8,184932782.2,185252710.8,181548154.8,186764670.0,188475580.2,184703529.4,186505704.0,191500977.8,185703579.4,191587106.6,185730389.6,191238510.0,181740410.8,166047607.72727272,148774644.0
12,2134190080.5,2003303602.7,2001709702.5,2015983075.7,2012743901.7,2152303217.5,2151584396.1,2153972716.9,2150821586.4,2143794707.0,2031866737.8,2026695489.0,2041853493.1999998,2037680767.8,2028806536.8,1753786657.0,1752121807.6,1984868781.8,1975458644.6000001,1955135223.1,1953563664.3,1959699604.5,1680778482.5,1680070808.5,1676527531.3,2128087835.1818182,1463549626.7272727
13,13962908613.6,13965851736.099998,13781045499.699999,9776741689.7,9529248534.300001,9791041242.900002,9475674825.300001,9673610696.900002,9771160154.300001,9601872322.900002,9514226412.7,9500583310.5,9623950977.900002,9506336228.7,9516098975.5,9530195782.7,9521742451.1,9511497151.900002,9451437074.300001,9672873808.5,9471475619.5,9472743938.5,9423286747.1,9494116564.5,9489881351.5,13767986767.7,10110216248.8
14,2270095534.0,2309622039.0,2265300341.2,2304220600.6,2231343180.7999997,2341804762.5,2341732175.3,2352109556.7000003,2302031513.1,2307047092.1,2364482040.9,2352096754.1,2333359028.3,2349426698.5,2359071972.7,2329565782.9,2328192563.9,2397542382.9,2393758495.9,2372835110.1,2377314683.5,2404105280.2999997,2459775496.7000003,2464458345.3,2457845705.3,2256165711.3,2199449226.1
16,2252207651.7999997,1721073387.3,1721249641.7,1720582548.1000001,1729921005.1000001,1717331273.7,1732116071.9,1723056533.1000001,1725957429.3,1723553061.7,1717582448.1000001,1714964151.9,1714642823.9,1711809799.3,1722972360.1000001,1724199651.3,1707185079.5,1728130158.1000001,1705429715.5,1735254263.3,1717465278.7,1715073506.9,1721321808.5,1716084116.1000001,1715110329.9,2279219916.0,1630290137.2
17,421462165.09999996,409986660.7,407603036.9,406368376.5,409993067.5,412200739.9,406424538.09999996,407614908.9,408477340.7,408553018.9,409266655.09999996,416093429.9,373334929.9,372190253.1,375143747.5,377537289.3,377832023.5,379256641.5,375083212.7,467263053.70000005,464220583.5,468779658.5,465800940.9,462692789.70000005,465564405.3,419368391.7,255848621.6
18,4428528494.8,6684375282.599999,4375472548.8,6697128836.8,4380934578.8,6714707502.8,4453247071.4,4443649446.0,6716606512.0,4415532484.0,4467507905.200001,4424295868.6,4485342358.5,4438610569.3,4464348931.6,4508880071.0,4464567970.4,4488233623.0,4481625786.6,4501139302.200001,4497436295.0,4482742008.6,4482788679.6,4491541030.400001,4491320199.400001,4368661179.2,6665823554.7
19,298303468.40000004,312747030.20000005,313727967.8,320020033.5,324252053.9,340663029.5,340200043.5,336976778.5,354046171.09999996,350344596.9,354804617.5,351271002.09999996,354018860.9,355238623.3,372175478.3,376229909.3,371390991.7,406190717.9,402321562.9,407108025.7,404981870.5,406521172.5,496157696.29999995,494257948.5,499159323.1,293758747.3,242212228.8
20,1052121406.7,1044706227.4,1033082092.8000001,1087838573.2,1079907088.6,1096061053.6,1090897013.6,1094103471.6,1093769328.2,1100706595.8,1177185884.9,1158321771.5,2518947451.0,2523076689.2,2507561799.5,2479007998.1000004,2473634234.9,1001157236.4,988681477.2,2329215403.6,2335783353.7999997,2398105839.5,2391729397.3,2380777025.1,2415869513.5,1033076159.7,701463236.0
21,6569719668.0,6539705749.200001,6395185696.6,6548893504.6,6421404923.8,6213445545.0,6000852216.8,6008301669.599999,6316600065.6,6038585409.200001,6050522905.6,6026224486.6,6109012884.8,5876377820.2,5953415440.4,5975475259.5,5777718727.9,5793155655.8,5851636037.8,5713265839.599999,5761620804.4,5745034632.200001,5338486775.1,5350568312.7,5335153378.3,6250432506.3,5436451372.7
22,691162816.5,677290658.0,672669640.0,628335632.1,627855734.1,588359903.4,588970778.8,587111861.0,586535330.5999999,585743283.5999999,582591047.4,588070879.0,586231969.4,587931701.1999999,586463961.8,592000768.1999999,590029788.4,585272774.0,586731294.5999999,587961725.5999999,584207360.1999999,591022686.5999999,584999568.1999999,585929526.4,588810815.8,726108570.4,559256759.4
