query_id,dam_size_gb,table_size_gb,migration_size_gb,migration_duration_ns
1,2.5,0.5,0.2802890120074153,9263178.0
1,2.5,0.75,0.5607485678046942,17601385.0
1,2.5,1.0,0.8407476553693414,25687103.0
1,2.5,1.25,1.1207126341760159,33850461.0
1,5.0,0.5,0.2802890120074153,9336297.0
1,5.0,1.0,0.8407476553693414,25775882.0
1,5.0,1.5,1.401376842521131,42022488.0
1,5.0,2.0,1.401376842521131,42124156.0
1,5.0,2.5,2.3901417972519994,70754152.0
1,7.5,0.75,0.5607485678046942,17567004.0
1,7.5,1.5,1.401376842521131,42084525.0
1,7.5,2.25,1.401376842521131,42149014.0
1,7.5,3.0,2.3901417972519994,70746488.0
1,7.5,3.75,3.059362323023379,89571628.0
1,10.0,1.0,0.8407476553693414,26013947.0
1,10.0,2.0,1.401376842521131,41945910.0
1,10.0,3.0,2.3901417972519994,70796381.0
1,10.0,4.0,3.059362323023379,89485798.0
1,10.0,5.0,4.048127277754247,118041568.0
1,12.5,1.25,1.1207126341760159,33879296.0
1,12.5,2.5,2.3901417972519994,70637515.0
1,12.5,3.75,3.059362323023379,89380119.0
1,12.5,5.0,4.048127277754247,117987807.0
1,12.5,6.25,4.048127277754247,118153861.0
2,2.5,0.25,0.202579147182405,51486936.0
2,2.5,0.5,0.4261511927470565,52506477.0
2,2.5,0.75,0.6100042378529906,88631878.0
2,2.5,1.0,0.6100042378529906,50901741.0
2,2.5,1.25,0.6100042378529906,78420338.0
2,5.0,0.5,0.4261511927470565,77723363.0
2,5.0,1.0,0.6100042378529906,56751908.0
2,5.0,1.5,0.6100042378529906,55912255.0
2,5.0,2.0,0.6100042378529906,80018900.0
2,5.0,2.5,0.6100042378529906,82875853.0
2,7.5,0.75,0.6100042378529906,57385099.0
2,7.5,1.5,0.6100042378529906,55473826.0
2,7.5,2.25,0.6100042378529906,54474064.0
2,7.5,3.0,0.6100042378529906,66426497.0
2,7.5,3.75,0.6100042378529906,79513307.0
2,10.0,1.0,0.6100042378529906,59174363.0
2,10.0,2.0,0.6100042378529906,73383829.0
2,10.0,3.0,0.6100042378529906,54139683.0
2,10.0,4.0,0.6100042378529906,59356017.0
2,10.0,5.0,0.6100042378529906,71491139.0
2,12.5,1.25,0.6100042378529906,75776441.0
2,12.5,2.5,0.6100042378529906,55533556.0
2,12.5,3.75,0.6100042378529906,79642574.0
2,12.5,5.0,0.6100042378529906,57196639.0
2,12.5,6.25,0.6100042378529906,76722865.0
3,2.5,0.25,0.24948183447122574,8182028.0
3,2.5,0.5,0.3473970480263233,11000913.0
3,2.5,0.75,0.7366164103150368,22212914.0
3,2.5,1.0,0.9435583855956793,28137272.0
3,2.5,1.25,1.1860201712697744,35184089.0
3,5.0,0.5,0.3473970480263233,11057883.0
3,5.0,1.0,0.9435583855956793,28196870.0
3,5.0,1.5,1.498263655230403,44081700.0
3,5.0,2.0,1.9323233403265476,56884265.0
3,5.0,2.5,2.494048658758402,73166099.0
3,7.5,0.75,0.7366164103150368,22199423.0
3,7.5,1.5,1.498263655230403,44140737.0
3,7.5,2.25,2.1747851260006428,63903460.0
3,7.5,3.0,2.871556855738163,83793332.0
3,7.5,3.75,3.15155594330281,91963986.0
3,10.0,1.0,0.9435583855956793,28585865.0
3,10.0,2.0,1.9323233403265476,56911921.0
3,10.0,3.0,2.871556855738163,83735469.0
3,10.0,4.0,3.15155594330281,92029254.0
3,10.0,5.0,4.809541423805058,139599609.0
3,12.5,1.25,1.1860201712697744,35104895.0
3,12.5,2.5,2.494048658758402,73122602.0
3,12.5,3.75,3.15155594330281,92158114.0
3,12.5,5.0,4.809541423805058,139629995.0
3,12.5,6.25,4.809541423805058,139516482.0
4,2.5,0.25,0.24246178567409515,7940500.0
4,2.5,0.5,0.31266074627637863,10031252.0
4,2.5,0.75,0.5922537297010422,18077290.0
4,2.5,1.0,0.9088220838457346,27190210.0
4,2.5,1.25,1.1512838695198298,34219808.0
4,5.0,0.5,0.31266074627637863,10026541.0
4,5.0,1.0,0.9088220838457346,27214219.0
4,5.0,1.5,1.4308768529444933,42197196.0
4,5.0,2.0,1.4308768529444933,42288984.0
4,5.0,2.5,2.410153828561306,70777610.0
4,7.5,0.75,0.5922537297010422,17962960.0
4,7.5,1.5,1.4308768529444933,42312814.0
4,7.5,2.25,2.1305608451366425,62720190.0
4,7.5,3.0,2.410153828561306,70620609.0
4,7.5,3.75,3.4006210919469595,99331190.0
4,10.0,1.0,0.9088220838457346,27582314.0
4,10.0,2.0,1.4308768529444933,42329816.0
4,10.0,3.0,2.410153828561306,70737271.0
4,10.0,4.0,3.4006210919469595,99524600.0
4,10.0,5.0,3.4006210919469595,99418747.0
4,12.5,1.25,1.1512838695198298,34256273.0
4,12.5,2.5,2.410153828561306,70730853.0
4,12.5,3.75,3.4006210919469595,99579479.0
4,12.5,5.0,3.4006210919469595,99525937.0
4,12.5,6.25,3.4006210919469595,99329096.0
5,2.5,0.25,0.24993678834289312,8192627.0
5,2.5,0.5,0.27976018842309713,9071310.0
5,2.5,0.75,0.5593531718477607,17087549.0
5,2.5,1.0,0.8759215259924531,26172979.0
5,2.5,1.25,1.1183833116665483,33253916.0
5,5.0,0.5,0.27976018842309713,9090890.0
5,5.0,1.0,0.8759215259924531,26257518.0
5,5.0,1.5,1.3979762950912118,41227295.0
5,5.0,2.0,1.8864565463736653,55070532.0
5,5.0,2.5,2.4826178839430213,72283797.0
5,7.5,0.75,0.5593531718477607,17068809.0
5,7.5,1.5,1.3979762950912118,41257033.0
5,7.5,2.25,2.166049529798329,63092317.0
5,7.5,3.0,2.9767132690176368,86404757.0
5,10.0,1.0,0.8759215259924531,26461863.0
5,10.0,2.0,1.8864565463736653,55295095.0
5,10.0,3.0,2.9767132690176368,86438676.0
5,10.0,4.0,3.701850486919284,107422641.0
5,10.0,5.0,3.701850486919284,107506237.0
5,12.5,1.25,1.1183833116665483,33240841.0
5,12.5,2.5,2.4826178839430213,72273510.0
5,12.5,5.0,3.701850486919284,107445347.0
5,12.5,6.25,5.359835967421532,154687598.0
6,2.5,0.5,0.2799990875646472,9299648.0
6,2.5,0.75,0.5606632959097624,17469506.0
6,2.5,1.0,0.9887649547308683,29618719.0
6,2.5,1.25,0.9887649547308683,29581199.0
6,5.0,0.5,0.2799990875646472,9272758.0
6,5.0,1.0,0.9887649547308683,29626558.0
6,5.0,1.5,1.2687640422955155,37800525.0
6,5.0,2.0,1.5494282506406307,46039142.0
6,5.0,2.5,1.5494282506406307,46103520.0
6,7.5,0.75,0.5606632959097624,17451695.0
6,7.5,1.5,1.2687640422955155,37925922.0
6,7.5,2.25,1.5494282506406307,46104358.0
6,7.5,3.0,1.5494282506406307,46015569.0
6,7.5,3.75,3.2074137311428785,93540822.0
6,10.0,1.0,0.9887649547308683,30048452.0
6,10.0,2.0,1.5494282506406307,46926706.0
6,10.0,3.0,1.5494282506406307,46011273.0
6,10.0,4.0,3.2074137311428785,93573291.0
6,10.0,5.0,3.2074137311428785,93606458.0
6,12.5,1.25,0.9887649547308683,29598313.0
6,12.5,2.5,1.5494282506406307,46091339.0
6,12.5,3.75,3.2074137311428785,93654631.0
6,12.5,5.0,3.2074137311428785,93518749.0
6,12.5,6.25,3.2074137311428785,93445797.0
7,2.5,0.25,0.03729777131229639,2802796.0
7,2.5,0.5,0.45447651762515306,14021536.0
7,2.5,0.75,0.7340695010498166,22041196.0
7,2.5,1.0,0.9981033420190215,29836047.0
7,2.5,1.25,1.0260627260431647,30602090.0
7,5.0,0.5,0.45447651762515306,14021846.0
7,5.0,1.0,0.9981033420190215,30037314.0
7,5.0,1.5,1.4432414723560214,42588472.0
7,5.0,2.0,1.722834455780685,50646841.0
7,5.0,2.5,2.2818645955994725,66855005.0
7,7.5,0.75,0.7340695010498166,21954534.0
7,7.5,1.5,1.4432414723560214,42763889.0
7,7.5,2.25,2.002833543345332,58870335.0
7,7.5,3.0,2.9123520674183965,84691703.0
7,7.5,3.75,3.6095299012959003,104896590.0
7,10.0,1.0,0.9981033420190215,29858814.0
7,10.0,2.0,1.722834455780685,51559007.0
7,10.0,3.0,2.9123520674183965,84616412.0
7,10.0,4.0,3.8885609535500407,112960843.0
7,10.0,5.0,4.4481530245393515,129257228.0
7,12.5,1.25,1.0260627260431647,30628523.0
7,12.5,2.5,2.2818645955994725,66926897.0
7,12.5,3.75,3.6095299012959003,105056161.0
7,12.5,5.0,4.4481530245393515,129013248.0
7,12.5,6.25,6.106138505041599,176488366.0
8,2.5,0.25,0.24993678834289312,8217468.0
8,2.5,0.5,0.3276874041184783,11037443.0
8,2.5,0.75,0.744866150431335,22545671.0
8,2.5,1.0,0.9871800122782588,29401791.0
8,2.5,1.25,1.0244591338559985,30445471.0
8,5.0,0.5,0.3276874041184783,11385180.0
8,5.0,1.0,0.9871800122782588,29497029.0
8,5.0,1.5,1.3044582214206457,38730867.0
8,5.0,2.0,1.9635872105136514,57427301.0
8,5.0,2.5,2.4180450784042478,70497603.0
8,7.5,0.75,0.744866150431335,22425891.0
8,7.5,1.5,1.3044582214206457,38795604.0
8,7.5,2.25,2.243180193938315,65499586.0
8,7.5,3.0,2.9776371493935585,86418648.0
8,7.5,3.75,3.5362611850723624,102529061.0
8,10.0,1.0,0.9871800122782588,29314749.0
8,10.0,2.0,1.9635872105136514,58355688.0
8,10.0,3.0,2.9776371493935585,86656933.0
8,10.0,4.0,3.8162602726370096,110648783.0
8,10.0,5.0,3.8162602726370096,110879027.0
8,12.5,1.25,1.0244591338559985,30462405.0
8,12.5,2.5,2.4180450784042478,70414546.0
8,12.5,3.75,3.5362611850723624,102662902.0
8,12.5,5.0,3.8162602726370096,110666158.0
8,12.5,6.25,5.422956630587578,156588400.0
9,2.5,0.25,0.15142664033919573,5346103.0
9,2.5,0.5,0.43101962376385927,13355362.0
9,2.5,0.75,0.6545916693285108,19764916.0
9,2.5,1.0,0.8384447144344449,25013049.0
9,2.5,1.25,1.08090650010854,32075187.0
9,5.0,0.5,0.43101962376385927,13336882.0
9,5.0,1.0,0.8384447144344449,25057109.0
9,5.0,1.5,1.3609055876731873,40295833.0
9,5.0,2.0,1.971179491840303,57426060.0
9,5.0,2.5,2.474344520829618,71848651.0
9,7.5,0.75,0.6545916693285108,19698495.0
9,7.5,1.5,1.3609055876731873,40313471.0
9,7.5,2.25,2.2489084592089057,65597325.0
9,7.5,3.0,2.9968053940683603,87084391.0
9,7.5,3.75,3.3147487239912152,96229728.0
9,10.0,1.0,0.8384447144344449,24945506.0
9,10.0,2.0,1.971179491840303,58361269.0
9,10.0,3.0,2.9968053940683603,86980081.0
9,10.0,4.0,3.873372759670019,112269269.0
9,10.0,5.0,4.921445081941783,142340303.0
9,12.5,1.25,1.08090650010854,32073521.0
9,12.5,2.5,2.474344520829618,71913973.0
9,12.5,3.75,3.3147487239912152,96477876.0
9,12.5,5.0,4.921445081941783,142201451.0
9,12.5,6.25,5.7600682051852345,166405033.0
10,2.5,0.25,0.24946796149015427,8191568.0
10,2.5,0.5,0.3154251156374812,10278519.0
10,2.5,0.75,0.5578869013115764,17293928.0
10,2.5,1.0,0.8378859888762236,25494965.0
10,2.5,1.25,1.1540482388809323,34346676.0
10,5.0,0.5,0.3154251156374812,10286059.0
10,5.0,1.0,0.8378859888762236,25524995.0
10,5.0,1.5,1.3965100245550275,41394393.0
10,5.0,2.0,1.9561020955443382,57495971.0
10,5.0,2.5,2.373280841857195,69511993.0
10,7.5,0.75,0.5578869013115764,17337956.0
10,7.5,1.5,1.3965100245550275,41351212.0
10,7.5,2.25,1.9561020955443382,57690376.0
10,7.5,3.0,2.373280841857195,69596228.0
10,7.5,3.75,3.614087576046586,104855592.0
10,10.0,1.0,0.8378859888762236,25525281.0
10,10.0,2.0,1.9561020955443382,57561297.0
10,10.0,3.0,2.373280841857195,69685580.0
10,10.0,4.0,3.751673338934779,108844201.0
10,10.0,5.0,4.031266322359443,116877179.0
10,12.5,1.25,1.1540482388809323,34347912.0
10,12.5,2.5,2.373280841857195,69517556.0
10,12.5,3.75,3.614087576046586,104988594.0
10,12.5,5.0,4.031266322359443,117023126.0
10,12.5,6.25,4.031266322359443,116815184.0
11,2.5,0.25,0.22590452153235674,7364945.0
11,2.5,0.5,0.43500347156077623,13426991.0
11,2.5,0.75,0.6188565166667104,18820594.0
11,2.5,1.0,0.6188565166667104,18783374.0
11,2.5,1.25,0.6188565166667104,18655576.0
11,5.0,0.5,0.43500347156077623,13513931.0
11,5.0,1.0,0.6188565166667104,18730964.0
11,5.0,1.5,0.6188565166667104,18715225.0
11,5.0,2.0,0.6188565166667104,18768163.0
11,5.0,2.5,0.6188565166667104,18731623.0
11,7.5,0.75,0.6188565166667104,18734104.0
11,7.5,1.5,0.6188565166667104,18726523.0
11,7.5,2.25,0.6188565166667104,18804122.0
11,7.5,3.0,0.6188565166667104,18744233.0
11,7.5,3.75,0.6188565166667104,18725612.0
11,10.0,1.0,0.6188565166667104,19071927.0
11,10.0,2.0,0.6188565166667104,18710899.0
11,10.0,3.0,0.6188565166667104,18811159.0
11,10.0,4.0,0.6188565166667104,18768718.0
11,10.0,5.0,0.6188565166667104,18750758.0
11,12.5,1.25,0.6188565166667104,18771877.0
11,12.5,2.5,0.6188565166667104,18756587.0
11,12.5,3.75,0.6188565166667104,18725327.0
11,12.5,5.0,0.6188565166667104,18744646.0
11,12.5,6.25,0.6188565166667104,18750715.0
12,2.5,0.25,0.07019896060228348,3550779.0
12,2.5,0.5,0.3513406915590167,11472948.0
12,2.5,0.75,0.6309336749836802,19328430.0
12,2.5,1.0,0.9904672633856535,29708458.0
12,2.5,1.25,1.060666223987937,31692660.0
12,5.0,0.5,0.3513406915590167,11403229.0
12,5.0,1.0,0.9904672633856535,29652268.0
12,5.0,1.5,1.3418079549446702,40071695.0
12,5.0,2.0,1.6214009383693337,47976114.0
12,5.0,2.5,2.460024061612785,72166260.0
12,7.5,0.75,0.6309336749836802,19255948.0
12,7.5,1.5,1.3418079549446702,39980204.0
12,7.5,2.25,1.6214009383693337,48102711.0
12,7.5,3.0,2.6006779139861465,76539237.0
12,7.5,3.75,3.589442868717015,104956651.0
12,10.0,1.0,0.9904672633856535,29997653.0
12,10.0,2.0,1.6214009383693337,47974639.0
12,10.0,3.0,2.6006779139861465,76680231.0
12,10.0,4.0,3.589442868717015,104943715.0
12,10.0,5.0,4.428065991960466,129143583.0
12,12.5,1.25,1.060666223987937,31788164.0
12,12.5,2.5,2.460024061612785,79319031.0
12,12.5,3.75,3.589442868717015,105135953.0
12,12.5,5.0,4.428065991960466,129408647.0
12,12.5,6.25,4.428065991960466,129196405.0
13,2.5,0.25,0.02795938402414322,2602138.0
13,2.5,0.5,0.4451381303369999,13705759.0
13,2.5,0.75,0.7247311137616634,21736889.0
13,2.5,1.0,0.7247311137616634,21717558.0
13,2.5,1.25,0.7247311137616634,21679509.0
13,5.0,0.5,0.4451381303369999,13660679.0
13,5.0,1.0,0.7247311137616634,21711638.0
13,5.0,1.5,0.7247311137616634,21717708.0
13,5.0,2.0,0.7247311137616634,21708887.0
13,5.0,2.5,0.7247311137616634,21734867.0
13,7.5,0.75,0.7247311137616634,21683857.0
13,7.5,1.5,0.7247311137616634,21691427.0
13,7.5,2.25,0.7247311137616634,21770616.0
13,7.5,3.0,0.7247311137616634,21796455.0
13,7.5,3.75,0.7247311137616634,21697846.0
13,10.0,1.0,0.7247311137616634,22044001.0
13,10.0,2.0,0.7247311137616634,21644685.0
13,10.0,3.0,0.7247311137616634,21724163.0
13,10.0,4.0,0.7247311137616634,23131011.0
13,10.0,5.0,0.7247311137616634,21727022.0
13,12.5,1.25,0.7247311137616634,21797941.0
13,12.5,2.5,0.7247311137616634,21685152.0
13,12.5,3.75,0.7247311137616634,21750270.0
13,12.5,5.0,0.7247311137616634,21654151.0
13,12.5,6.25,0.7247311137616634,21701830.0
14,2.5,0.25,0.047927215695381165,4532590.0
14,2.5,0.5,0.32792630326002836,12162743.0
14,2.5,0.75,0.32792630326002836,13385372.0
14,2.5,1.0,0.9994130488485098,32246325.0
14,2.5,1.25,1.0366921704262495,31727030.0
14,5.0,0.5,0.32792630326002836,11918764.0
14,5.0,1.0,0.9994130488485098,31861279.0
14,5.0,1.5,1.3166912579908967,39717949.0
14,5.0,2.0,1.3166912579908967,39336591.0
14,5.0,2.5,1.3166912579908967,39308871.0
14,7.5,0.75,0.32792630326002836,12098413.0
14,7.5,1.5,1.3166912579908967,39297281.0
14,7.5,2.25,1.3166912579908967,39493288.0
14,7.5,3.0,2.9898701859638095,87392180.0
14,7.5,3.75,2.9898701859638095,87203830.0
14,10.0,1.0,0.9994130488485098,32372953.0
14,10.0,2.0,1.3166912579908967,39951637.0
14,10.0,3.0,2.9898701859638095,87226860.0
14,10.0,4.0,2.9898701859638095,87220178.0
14,10.0,5.0,4.647855666466057,134541605.0
14,12.5,1.25,1.0366921704262495,31371238.0
14,12.5,2.5,1.3166912579908967,39692195.0
14,12.5,3.75,2.9898701859638095,87179279.0
14,12.5,5.0,4.647855666466057,134587682.0
14,12.5,6.25,4.647855666466057,134405659.0
16,2.5,0.25,0.22954963427037,73964198.0
16,2.5,0.5,0.4531216798350215,83524093.0
16,2.5,0.75,0.4531216798350215,58818461.0
16,2.5,1.0,0.4531216798350215,72325342.0
16,2.5,1.25,0.4531216798350215,60107229.0
16,5.0,0.5,0.4531216798350215,61451316.0
16,5.0,1.0,0.4531216798350215,64502020.0
16,5.0,1.5,0.4531216798350215,71705875.0
16,5.0,2.0,0.4531216798350215,55578428.0
16,5.0,2.5,0.4531216798350215,74055282.0
16,7.5,0.75,0.4531216798350215,57839365.0
16,7.5,1.5,0.4531216798350215,59836317.0
16,7.5,2.25,0.4531216798350215,60335342.0
16,7.5,3.0,0.4531216798350215,74518435.0
16,7.5,3.75,0.4531216798350215,59525627.0
16,10.0,1.0,0.4531216798350215,60218184.0
16,10.0,2.0,0.4531216798350215,80277132.0
16,10.0,3.0,0.4531216798350215,74508459.0
16,10.0,4.0,0.4531216798350215,73945832.0
16,10.0,5.0,0.4531216798350215,58735911.0
16,12.5,1.25,0.4531216798350215,82229195.0
16,12.5,2.5,0.4531216798350215,80675278.0
16,12.5,3.75,0.4531216798350215,84420714.0
16,12.5,5.0,0.4531216798350215,60064384.0
16,12.5,6.25,0.4531216798350215,57202928.0
17,2.5,0.25,0.05631253123283386,2992174.0
17,2.5,0.5,0.33697673957794905,10868754.0
17,2.5,0.75,0.33697673957794905,10916284.0
17,2.5,1.0,0.33697673957794905,10867614.0
17,2.5,1.25,0.33697673957794905,10849925.0
17,5.0,0.5,0.33697673957794905,10880474.0
17,5.0,1.0,0.33697673957794905,10919714.0
17,5.0,1.5,0.33697673957794905,10863804.0
17,5.0,2.0,2.0006817104294896,58560461.0
17,5.0,2.5,2.010155667550862,58652589.0
17,7.5,0.75,0.33697673957794905,10904143.0
17,7.5,1.5,0.33697673957794905,10931033.0
17,7.5,2.25,2.010155667550862,58767006.0
17,7.5,3.0,2.010155667550862,58818494.0
17,7.5,3.75,3.6681411480531096,106257479.0
17,10.0,1.0,0.33697673957794905,11084405.0
17,10.0,2.0,2.0006817104294896,58474219.0
17,10.0,3.0,2.010155667550862,58816554.0
17,10.0,4.0,3.6681411480531096,106311663.0
17,10.0,5.0,3.6681411480531096,106079372.0
17,12.5,1.25,0.33697673957794905,10884796.0
17,12.5,2.5,2.010155667550862,58758999.0
17,12.5,3.75,3.6681411480531096,106138904.0
17,12.5,5.0,3.6681411480531096,106025412.0
17,12.5,6.25,3.6681411480531096,106221246.0
18,2.5,0.25,0.02795938402414322,2413799.0
18,2.5,0.5,0.3086235923692584,10016542.0
18,2.5,0.75,0.588216575793922,18040811.0
18,2.5,1.0,0.8665825072675943,25950491.0
18,2.5,1.25,1.1472467156127095,34079039.0
18,5.0,0.5,0.3086235923692584,10057211.0
18,5.0,1.0,0.8665825072675943,25948451.0
18,5.0,1.5,1.426839699037373,42162017.0
18,5.0,2.0,1.6693014847114682,49196674.0
18,5.0,2.5,2.086480231024325,61121168.0
18,7.5,0.75,0.588216575793922,18034030.0
18,7.5,1.5,1.426839699037373,42162114.0
18,7.5,2.25,2.086480231024325,61178195.0
18,7.5,3.0,2.5052636610344052,73223956.0
18,7.5,3.75,2.5052636610344052,73245944.0
18,10.0,1.0,0.8665825072675943,26287765.0
18,10.0,2.0,1.6693014847114682,49172718.0
18,10.0,3.0,2.5052636610344052,73148500.0
18,10.0,4.0,2.5052636610344052,73045290.0
18,10.0,5.0,2.5052636610344052,73075158.0
18,12.5,1.25,1.1472467156127095,34057944.0
18,12.5,2.5,2.086480231024325,61133858.0
18,12.5,3.75,2.5052636610344052,73056213.0
18,12.5,5.0,2.5052636610344052,73013981.0
18,12.5,6.25,2.5052636610344052,73059598.0
19,2.5,0.25,0.06566793471574783,3159402.0
19,2.5,0.5,0.34680966567248106,11237331.0
19,2.5,0.75,0.6275889910757542,19468039.0
19,2.5,1.0,0.9082531994208694,27712945.0
19,2.5,1.25,1.1882522869855165,35821763.0
19,5.0,0.5,0.34680966567248106,11215911.0
19,5.0,1.0,0.9082531994208694,27768564.0
19,5.0,1.5,1.1882522869855165,35746554.0
19,5.0,2.0,1.1882522869855165,35830292.0
19,5.0,2.5,2.300767919048667,67232063.0
19,7.5,0.75,0.6275889910757542,19451387.0
19,7.5,1.5,1.1882522869855165,35801851.0
19,7.5,2.25,2.2445739414542913,65754014.0
19,7.5,3.0,2.8614312149584293,83648243.0
19,7.5,3.75,2.8614312149584293,83789640.0
19,10.0,1.0,0.9082531994208694,28091529.0
19,10.0,2.0,1.1882522869855165,35763753.0
19,10.0,3.0,2.8614312149584293,83683920.0
19,10.0,4.0,2.8614312149584293,83552810.0
19,10.0,5.0,4.519416695460677,131113014.0
19,12.5,1.25,1.1882522869855165,35812389.0
19,12.5,2.5,2.300767919048667,67284664.0
19,12.5,3.75,2.8614312149584293,83530741.0
19,12.5,5.0,4.519416695460677,130911053.0
19,12.5,6.25,4.519416695460677,131183127.0
20,2.5,0.25,0.24871054757386446,8118059.0
20,2.5,0.5,0.47228259313851595,14609591.0
20,2.5,0.75,0.7440739721059799,81509811.0
20,2.5,1.0,0.9910974306985736,29705508.0
20,2.5,1.25,1.2374755023047328,36767816.0
20,5.0,0.5,0.47228259313851595,14526591.0
20,5.0,1.0,0.9910974306985736,29751387.0
20,5.0,1.5,1.4894538400694728,78702713.0
20,5.0,2.0,1.9713619938120246,1712150487.0
20,5.0,2.5,2.4755982477217913,2521402204.0
20,7.5,0.75,0.7440739721059799,74587376.0
20,7.5,1.5,1.4894538400694728,85393400.0
20,7.5,2.25,2.194934039376676,2543905251.0
20,7.5,3.0,2.9996634470298886,87379419.0
20,7.5,3.75,3.7424227679148316,1661493545.0
20,10.0,1.0,0.9910974306985736,30080352.0
20,10.0,2.0,1.9713619938120246,2492464396.0
20,10.0,3.0,2.9996634470298886,87275789.0
20,10.0,4.0,3.868112967349589,2517500872.0
20,10.0,5.0,4.148777175694704,2579495027.0
20,12.5,1.25,1.2374755023047328,36791130.0
20,12.5,2.5,2.4755982477217913,2574000453.0
20,12.5,3.75,3.7424227679148316,2627856345.0
20,12.5,5.0,4.148777175694704,2528744125.0
20,12.5,6.25,5.755473533645272,1764001283.0
21,2.5,0.25,0.10085241962224245,58468335.0
21,2.5,0.5,0.380445403046906,79964805.0
21,2.5,0.75,0.380445403046906,55236473.0
21,2.5,1.0,0.9394755428656936,58944000.0
21,2.5,1.25,1.2190685262903571,79725956.0
21,5.0,0.5,0.380445403046906,83980998.0
21,5.0,1.0,0.9394755428656936,86161398.0
21,5.0,1.5,1.2190685262903571,59180306.0
21,5.0,2.0,1.9187525184825063,74905915.0
21,5.0,2.5,2.476058249361813,73644486.0
21,7.5,0.75,0.380445403046906,83405888.0
21,7.5,1.5,1.2190685262903571,83062450.0
21,7.5,2.25,2.19834550190717,66100650.0
21,7.5,3.0,2.8257648842409253,83544824.0
21,7.5,3.75,3.5254488764330745,103829680.0
21,10.0,1.0,0.9394755428656936,63091279.0
21,10.0,2.0,1.9187525184825063,64132629.0
21,10.0,3.0,2.8257648842409253,83808369.0
21,10.0,4.0,3.805041859857738,112536597.0
21,10.0,5.0,4.7955091232433915,141603301.0
21,12.5,1.25,1.2190685262903571,80471401.0
21,12.5,2.5,2.476058249361813,82674980.0
21,12.5,3.75,3.5254488764330745,104509416.0
21,12.5,5.0,4.7955091232433915,141165061.0
21,12.5,6.25,4.7955091232433915,141148468.0
22,2.5,0.25,0.06906495615839958,3237931.0
22,2.5,0.5,0.48624370247125626,14889039.0
22,2.5,0.75,0.7385181151330471,26872433.0
22,2.5,1.0,0.7796236872673035,27939974.0
22,2.5,1.25,0.7796236872673035,27875714.0
22,5.0,0.5,0.48624370247125626,14965767.0
22,5.0,1.0,0.7796236872673035,27996422.0
22,5.0,1.5,0.7796236872673035,27845603.0
22,5.0,2.0,0.7796236872673035,28026661.0
22,5.0,2.5,0.7796236872673035,28004431.0
22,7.5,0.75,0.7385181151330471,26671913.0
22,7.5,1.5,0.7796236872673035,27990840.0
22,7.5,2.25,0.7796236872673035,27915751.0
22,7.5,3.0,0.7796236872673035,27900640.0
22,7.5,3.75,0.7796236872673035,27837831.0
22,10.0,1.0,0.7796236872673035,28353467.0
22,10.0,2.0,0.7796236872673035,28092679.0
22,10.0,3.0,0.7796236872673035,27931469.0
22,10.0,4.0,0.7796236872673035,28068898.0
22,10.0,5.0,0.7796236872673035,28063147.0
22,12.5,1.25,0.7796236872673035,27840728.0
22,12.5,2.5,0.7796236872673035,28012416.0
22,12.5,3.75,0.7796236872673035,28030615.0
22,12.5,5.0,0.7796236872673035,28055164.0
22,12.5,6.25,0.7796236872673035,27969794.0
